,Moran's I,Mean MSE
Linear Regression,0.1336072147242669,181.59929052420765
GWR,0.0918580531005317,192.9273221885832
MESF-Queen,0.1108917905973111,275.6513235109355
MESF-KNN,0.0939268896873916,215.3371780896162
MESF-Gabriel,0.0504158390932232,253.3318251454778
RBF SVR,0.0986038544266952,280.69809594440125
Linear SVR,0.2836381889666559,188.16826603087455
GWSVR,0.28468412563164025,
